<dghodoc>

<head>

<metadata>

<meta name="Autoren">
  <value title="Aebi, Stefan">359774</value>
</meta>

<meta name="FruehereAutoren">
  <value title="Arnold, Dirk">9118</value>
</meta>

<meta name="Sprache">
  <value title="German">de</value>
</meta>

<meta name="Bereich">
  <value title="Onkopedia">onkopedia</value>
</meta>

<meta name="Status">
  <value title="Draft">draft</value>
</meta>

<meta name="Klassifizierung">
</meta>

<meta name="Fachgesellschaften">
</meta>

<meta name="Stand">
</meta>

<meta name="DokumentTyp">
  <value title="Protocols">protocols</value>
</meta>

<meta name="LLThema">
  <value title="Weizenkeimextrakt, fermentiert">113</value>
</meta>

<meta name="Zulassungsland">
</meta>

<meta name="AutorenZusatzinformationen">
  <value>wqewqeqweqweqeq</value>
</meta>

<meta name="FruehereAutorenZusatzinformationen">
  <value>qweqweqwe</value>
</meta>

<meta name="Titel">
  <value>test ajuing324234242</value>
</meta>

<meta name="GuidelineID">
  <value>e8b1343c-6e72-11e5-b749-0050560018c5</value>
</meta>

<meta name="PloneUUID">
  <value>fbdb55cdebd045d49c8ad2ccea2344c8</value>
</meta>

</metadata>

<authoraddresses type="Autoren">

<author author-ID="359774" alive="true">
<firstname>Stefan</firstname>
<lastname>Aebi</lastname>
<address>
<phone><![CDATA[0041 41 205-5860]]></phone>
<email><![CDATA[stefan.aebi@onkologie.ch]]></email>
<fax><![CDATA[]]></fax>
<street><![CDATA[]]></street>
<zip><![CDATA[CH-6000]]></zip>
<city><![CDATA[Luzern 16]]></city>
<salutation language="de"><![CDATA[Prof. Dr. med.]]></salutation>
<company><![CDATA[Luzerner Kantonsspital<br>Departement Medizin<br>Medizinische Onkologie]]></company>
</address>
</author>
</authoraddresses>

<authoraddresses type="FruehereAutoren">

<author author-ID="9118" alive="true">
<firstname>Dirk</firstname>
<lastname>Arnold</lastname>
<address>
<phone><![CDATA[0761 206-1800]]></phone>
<email><![CDATA[arnold@tumorbio.uni-freiburg.de]]></email>
<fax><![CDATA[0761 206-1899]]></fax>
<street><![CDATA[Breisacher Str. 117]]></street>
<zip><![CDATA[79106]]></zip>
<city><![CDATA[Freiburg]]></city>
<salutation language="de"><![CDATA[Prof. Dr. med.]]></salutation>
<company><![CDATA[Albert-Ludwigs-Universität<br>Klinik für Tumorbiologie,<br>Klinik für Internistische Onkologie]]></company>
</address>
</author>
</authoraddresses>

<links>

</links>

<links-related>

<link title="Weizenkeimextrakt fermentiert - Studienergebnisse" language="de" document_type="studies" topic="113" area="onkopedia" href="https://www.onkopedia.com/@@resolve-link?language=de&amp;document_type=studies&amp;guideline_topics=113&amp;area=onkopedia" />

<link title="Weizenkeimextrakt, fermentiert" language="de" document_type="guideline" topic="113" area="onkopedia" href="https://www.onkopedia.com/@@resolve-link?language=de&amp;document_type=guideline&amp;guideline_topics=113&amp;area=onkopedia" />

</links-related>

</head>

</dghodoc>
